0		a	text
1	0.0	a	@marklutchman If you were Jesus ; would you go back to a place that forced you to carry a huge cross a long distanc‚Ä¶ https://t.co/Wlh79KaOtK
2	1.0	a	A day before I fully got sick. Lol https://t.co/oKRyElje2t
3	2.0	a	RT @haileybieber: To those foreigners who don't celebrate thanksgiving so sorry your country didn't have Pilgrims and Indians to start such‚Ä¶
4	3.0	a	RT @fams2gether: They just said it. They want people to pack up their stuff and take their sick child and leave. This administration litera‚Ä¶
5	4.0	a	RT @BoBundyy: Baby fever at an all time high rn ü•∫ https://t.co/blIuwiOxm6
6	5.0	a	or I‚Äôm sick
7	6.0	a	RT @Thomas_Binder: @AOC ...writes the irresponsible disinforming woman who unethically frightens the whole humanity, first and foremost our‚Ä¶
8	7.0	a	@SlimeBallJP You know he‚Äôs somewhere sick as hell man smh I know I would be
9	8.0	a	RT @idoItear: fr just sick of y‚Äôall screaming about this every 5 seconds like leave them alone???? let them breathe?? they literally kids a‚Ä¶
10	9.0	a	@OmogeDami @thatgoddess____ If u were asked to write an essay, is that how u will make a general statement to descr‚Ä¶ https://t.co/mQGzo1IN3x
11	10.0	a	RT @sepraeww: ‡∏û‡∏µ‡πà‡∏ä‡∏≤‡∏ô‡∏ó‡∏µ‡πà‡∏´‡∏•‡∏∏‡∏î(?)‡∏ö‡∏≠‡∏Å‡∏™‡∏±‡∏õ‡∏î‡∏≤‡∏´‡πå‡∏ô‡∏µ‡πâ‡∏ï‡∏≠‡∏ô‡∏á‡∏≤‡∏ôfever festival‡∏ß‡∏±‡∏ô‡∏ó‡∏µ‡πà27 ‡∏™‡∏£‡∏∏‡∏õ‡∏°‡∏≤‡∏à‡∏£‡∏¥‡∏á 555555555 ‡∏≠‡∏¢‡∏≤‡∏Å‡∏ï‡∏µ https://t.co/vSl0Oft1cI
12	11.0	a	RT @MikeGenes: Ahhh I‚Äôm glad I‚Äôm not a bandwagon guy #LETSGOKNICKS https://t.co/i4OM6PNZI8
13	12.0	a	RT @Wonkette: Because he admitted HE was the one responsible for the policy in the first place https://t.co/1XTj3JHs8x
14	13.0	a	RT @Sundncefn: #WeThePeople are sick of the @GOP doing nothing to stop this very dangerous, attempted coup.  Ds are turning our great count‚Ä¶
15	14.0	a	@alphafemale77 @CashifPierre @MariahR711 @SOS12017 @imill45 @Nanner777 @thebiebz2100 @MjBeliever1 @unitedwaters‚Ä¶ https://t.co/ijZP8CIAzq
16	15.0	a	I don‚Äôt know why I always get a headache before my favorite class but I‚Äôm sick of it
17	16.0	a	RT @TheRISEofROD: He was never supposed to win.  They thought criminal activity would continue as usual.  President Trump exposed the entir‚Ä¶
18	17.0	a	RT @WealthWilson1: @xrenatach @Imamofpeace Conscience? No body walks around with that anymore. All they do is come up with a few sick theor‚Ä¶
19	18.0	a	@OzarkGlenn Not sick thank goodness
20	19.0	a	RT @Sundncefn: #WeThePeople are sick of the @GOP doing nothing to stop this very dangerous, attempted coup.  Ds are turning our great count‚Ä¶
21	20.0	a	@_FloMilli WHY DID YOU GO THIS HARD ONCE AGAIN I‚ÄôM SICK
22	21.0	a	@thatd1rtyhippie Fuck that they can‚Äôt make you and if you have a fever... tell them to fuck off and have a spooky ass day
23	22.0	a	RT @PropelLondon: Sick of reading about the gender pay gap? Here‚Äôs what to do about it https://t.co/k6W7yaJuq9
24	23.0	a	ü•∫
25	24.0	a	@OwenTheOnly1 I disagree but we‚Äôll see what comes. Die? Oh! It‚Äôs clear that a reduction of 5% or more in GDP will c‚Ä¶ https://t.co/jDwJC56xTH
26	25.0	a	RT @MaxWaltham: #WWECrownJewel one sick event, where T.Fury favoured for sexism, racism &amp; homophobia. Cesaro jobbing to a 4chan troll poste‚Ä¶
27	26.0	a	I‚Äôm sick of acting like everything is okay when it‚Äôs not good üé∂
28	27.0	a	RT @charliekirk11: Why did House Democrats just block an amendment to their impeachment resolution allowing the President's counsel to sit‚Ä¶
29	28.0	a	@JonDoe297BhaJha @depressionnote That's how it starts. The fever, the rage, the feeling of powerlessness that turns good men cruel
30	29.0	a	RT @Greatm8SFM: MHA Halloween - Tsuyu/Uraraka x Deku ---- I feel like It's not the best I could have done, but given me being sick I'm usin‚Ä¶
31	30.0	a	My cousin (who is a doctor) always says ‚Äúif your body is trying to get rid of it, why are you holding it in‚Äùü§∑üèæ‚Äç‚ôÄÔ∏è.‚Ä¶ https://t.co/8XSCo5xxRq
32	31.0	a	@squash60 @VeeCee30 @DominicGrieveQC That‚Äôs made me smile even with my man flu ü§ß
33	32.0	a	@Henryyyyg Sick
34	33.0	a	RT @fred_guttenberg: The White House again politicized gun violence with this statement.  BULLSHIT!!!  @SpeakerPelosi and the DEMS have bee‚Ä¶
35	34.0	a	I done had the flu since Sunday and I done lost 15 lbs since then.....Ima stay sickü§ßü§ßü•¥
36	35.0	a	RT @Zak_Bagans: Tonight see why. 9/8c on @TravelChannel https://t.co/2pgJX8yBfT
37	36.0	a	RT @IainGrayMSP: This has got to be the biggest NHS scandal since devolution began.  We are spending millions every month on a hospital whi‚Ä¶
38	37.0	a	RT @lgbtkashy: Idc what anyone says but studying is fucking hard and im sick of everyone presuming that having a job is harder. Yeah you mi‚Ä¶
39	38.0	a	I ripped my shorts but we‚Äôre hiding from trick or treaters since Jagger is sick n we don‚Äôt want him to b overwhelme‚Ä¶ https://t.co/dUPONShIlZ
40	39.0	a	RT @6erardo30: What if me and you catch valley fever together ... jk .. unless üò≥
41	40.0	a	RT @GSUMidwest: GramFam please hydrate, dress, stay warm, &amp; have fun. ü•≥ü•≥ü•≥  EAT  DRINK WATER  CLOSED TOE SHOES  Hats  *Yes her wig counts  S‚Ä¶
42	41.0	a	RT @Vote_CNP: Agreed.  Sick of the East Coast hyperbole.  We need to adapt better to climate change, and we will.  #California is resilient‚Ä¶
43	42.0	a	RT @TheePaintv100: Just found this fucking gun in my sons Halloween candy. Some people are sick in the head. https://t.co/dc1q219Udg
44	43.0	a	@DinaGirdaukas Ingrate. Infiltrator. This pos makes me sick.
45	44.0	a	RT @becky_thinks: baby fever slapped me in the face today https://t.co/ntMvC0JcP3
46	45.0	a	RT @krishtun_: Please be mindful that entrepreneurs aren‚Äôt paid sick/maternity/vacation pay. A day not working is a day not being paid so w‚Ä¶
47	46.0	a	RT @fonzfranc: https://t.co/pN44La3ANW
48	47.0	a	bro i‚Äôm fucking sick of people being like ‚Äúu go to ucla so ur hella smart‚Äù like stoP so annoying get ur expectations outta here
49	48.0	a	RT @ogmaxb: Just found this fucking gun in my sons Halloween candy. Some people are sick in the head. https://t.co/XyXh5Iibgn
50	49.0	a	@Ebeth030 @itsJeffTiedrich Smells like sick and retarded HillBilly trying to sneak back  .. DISGUSTING ü§Æü§ÆYIKES
51	50.0	a	LMFAOOO them niggas left or not jacking they fans. KD gone. Klay out. Now Steph, they sick
52	51.0	a	*POEM (AIR) PRE 1020.1 mbar TMP 18.0 degc WSP 12.1 kn WDI 300.5 deg @ 2019-10-31 17:45:34 UTC (SEA) PRE x dbar TMP‚Ä¶ https://t.co/ZIEveJBJVc
53	52.0	a	This Got Damn Fool, Is Just Mentally Disturbed!!  I Am So Fucking Sick Of Trump &amp; His Got Damn BullShit!!  I Am Fuc‚Ä¶ https://t.co/jMkV2ceBEW
54	53.0	a	RT @alexis_why: Still sick... Still horny...  Yes, I did move my mattress into my living room while I die and rest. Thank you for noticing‚Ä¶
55	54.0	a	@CaslerNoel @VP Wtf?? Pence is as sick as all the rest of them! üò°
56	55.0	a	RT @darlinvante: taehyung is so mesmerizing this is so sick and twisted https://t.co/PYJZD18v1k
57	56.0	a	RT @kitscarstairs: gay ppl only want one thing and its SICK.... john mulaney netflix specials
58	57.0	a	Our two superheroes ... superheroes don‚Äôt need capes !
59	58.0	a	@_kelseyy_lashay They sick. Ain‚Äôt no way in hell im gonna entertain somebody for that long if I don‚Äôt wanna be with them
60	59.0	a	RT @Lrihendry: @catturd2 I am so sick of these dumb ass people bragging about her. Fools!
61	60.0	a	@Umairmirza Cant believe people turning the tragedy into sick jokes. Disgusted!
62	61.0	a	RT @peytnhaag: baby fever AND puppy fever?? oh no https://t.co/am88bZAWpj
63	62.0	a	RT @HeardstheWord: I‚Äôm sick now because he has an excuse to be the average coach he already was https://t.co/SBglIPV3aO
64	63.0	a	RT @NEJM: Images in Clinical Medicine: Rat Bite Fever https://t.co/NTsprkyFEJ https://t.co/r3d7TYzJB5
65	64.0	a	@be_my_peaches I‚Äôm sick of their double standards. That‚Äôs why I don‚Äôt pay attention to them on here.
66	65.0	a	RT @xunhuas: Before leaving the stage during Fever Festival last Sunday~  Sehun: We'll see each other very soon~( Îàà.Îàà) Chanyeol: *This week‚Ä¶
67	66.0	a	@Tia_Gabriella Omg I feel sick!! It prob can be repaired but will cost ¬£¬£¬£
68	67.0	a	RT @psychdr100: Admits being this rotten. A top Trump pick for homeland security chief just admitted he made the call to deport sick kids h‚Ä¶
69	68.0	a	RT @tomiwa_100: When i say deposit, you say garrnnnn https://t.co/JE7oyz6huQ
70	69.0	a	This person is sick
71	70.0	a	RT @PatWill97926440: This evil hypocritical degenerate should be in prison.  Wtf  is going on? Labour think it‚Äôs appropriate for him to sta‚Ä¶
72	71.0	a	RT @giggIykoo: look at this . just LOOK . sick n twisted &lt;//3 goodest boy. https://t.co/QkcypynbHW
73	72.0	a	RT @atensnut: Most of America is sick of this dick.  Just the sight of him brings on revulsion. https://t.co/cgpElAwtKJ
74	73.0	a	"RT @ANINewsUP: Balram, a tuberculosis (TB) patient allegedly fell sick due to starvation, in Kaushambi. Archana, his daughter says, ""Father‚Ä¶"
75	74.0	a	@Independent_ie Sick Bastard.
76	75.0	a	RT @JCarter186: Is anyone but me getting really SICK &amp; TIRED of this bartender acting like she knows more about running the USA than @realD‚Ä¶
77	76.0	a	RT @clinton_felker: Another take.  I was trying to imagine that this Guardian is a little crazy he became somewhat of a boogeyman for the H‚Ä¶
78	77.0	a	i am kinda out of steam now and once again sick of looking at this board game so i will cut it there, hope you enjoyed, good luck!!
79	78.0	a	RT @KayHair1: We are constantly expected to NOT believe our eyes &amp; to believe their convoluted nonsense.  Just like we are supposed to gues‚Ä¶
80	79.0	a	RT @LadyRedWave: I'm GOING to üí•RETWEETüí•this EVERY damn time I see it UNTIL @HillaryClinton IS SICK of it!  We WILL NEVER forget those left‚Ä¶
81	80.0	a	RT @thiccciron: @xLaraSnipes this is fucking SICK, you're so stunning
82	81.0	a	The match is gonna be boring and slow but I'm sick and tired of those two. https://t.co/NL14hRKBTJ
83	82.0	a	RT @taegape_: now this is just absolutely sick and twisted https://t.co/FBzHmHcb4g
84	83.0	a	RT @LeahYehudah_: Pig Ebola/African swine flu survives curing and freezing. This is a judgment from TMH. So if you've got any in your freez‚Ä¶
85	84.0	a	RT @mushyart: https://t.co/Ctkp7dWkj2  Btw before I fuck off for good tonight (because I'm feeling nasty sick) feel free to join my server.‚Ä¶
86	85.0	a	RT @SuzanneFromMN: Sick sick sick https://t.co/OfTjsNs49V
87	86.0	a	RT @ogmaxb: Just found this fucking gun in my sons Halloween candy. Some people are sick in the head. https://t.co/XyXh5Iibgn
88	87.0	a	RT @charliekirk11: Why did House Democrats just block an amendment to their impeachment resolution allowing the President's counsel to sit‚Ä¶
89	88.0	a	@dobonhonkeros69 IM SICK TOO SMH
90	89.0	a	RT @Veronicaromm: Hey @DevinNunes stfu you sick sycophant‚ÄºÔ∏è You make me sick ü§ï You‚Äôre wasting our time fool. #RESIST #TrumpCrimeFamily #dev‚Ä¶
91	90.0	a	RT @ogmaxb: Just found this fucking gun in my sons Halloween candy. Some people are sick in the head. https://t.co/XyXh5Iibgn
92	91.0	a	RT @BoBundyy: Baby fever at an all time high rn ü•∫ https://t.co/blIuwiOxm6
93	92.0	a	@Jennifer7Lane @april_hamons @realDonaldTrump @SpeakerPelosi @RepAdamSchiff SHAMEFUL TREASONOUS DISGRACE SICK CORRU‚Ä¶ https://t.co/lbGDE0924p
94	93.0	a	and i was fucking sick of myself for putting myself through so much shit all because i loved you and put you before me
95	94.0	a	RT @charliekirk11: Why did House Democrats just block an amendment to their impeachment resolution allowing the President's counsel to sit‚Ä¶
96	95.0	a	The thought of catching feelings for anyone makes me feeeeel sickü§¢
97	96.0	a	@HCullen98 @gregolear and it can't happen soon enough - so sick of these traitors.
98	97.0	a	RT @JadeiteGordon: @D3r3khall I hope these thugs get beaten up so badly they spend their lives in a wheelchair! I am sick of thugs &amp; time c‚Ä¶
99	98.0	a	@411wrestling I'm so sick of McMahon kissing Brock's ass they don't care what we want he only cares McMahon only ca‚Ä¶ https://t.co/ucVm0SeAcu
100	99.0	a	RT @ogmaxb: Just found this fucking gun in my sons Halloween candy. Some people are sick in the head. https://t.co/XyXh5Iibgn
101	100.0	a	I was sick af for 5 days. my stomach hurt so bad I didnt even wanna walk. Not once was I rude. Dudes get a cough an‚Ä¶ https://t.co/EZJTi4KBge
102	101.0	a	DMC5 looks sick #PS4share https://t.co/yw4fOcVgvL
103	102.0	a	RT @FindKobe: Hello. I hear it's #Caturday today. I am a #cat &amp; I've been stolen, please could you share my photo? My little friends at hom‚Ä¶
104	103.0	a	@Trained2Goo @Aftermathvol1 We don‚Äôt have straight pto we have sick days vacation days etc so I have to use my sick‚Ä¶ https://t.co/dmNO0jYZpK
105	104.0	a	@kevindelury @ScottyHockey getting sick of the Lias whining
106	105.0	a	Male stripper that works in the Hamptons: I'm sorry, I can't dance tonight, my horse is sick
107	106.0	a	Yall democrats need to jump ship n go republican stop being wussies and go into the cold I'm sick of seeing these i‚Ä¶ https://t.co/bLJkfDdEyK
108	107.0	a	@vinoisdopetoo @raymocriso Wtf that line up is so sick!
109	108.0	a	RT @DragonflyJonez: I hate that Steph news. Injuries rob us sports fans of so much. Clowning GS won't even hit the same. I'm sick. (And I s‚Ä¶
110	109.0	a	RT @daancscom: ‚òÖ AWP FEVER DREAM CSGO GIVEAWAY ‚òÖ  - Like and Comment: https://t.co/WQ2aNRBDfE - Retweet and Follow!  Rolling in 24 Hours. G‚Ä¶
111	110.0	a	RT @m_aligato: I am from Mindanao and I experienced all those Earthquakes since October 16 this year. I am trembled. I am afraid. I am sick‚Ä¶
112	111.0	a	Just got my flu shot from @goUFV @UFVhealth nursing student. Awesome job! Winter is coming and I‚Äôm readyüòé
113	112.0	a	RT @xunhuas: Before leaving the stage during Fever Festival last Sunday~  Sehun: We'll see each other very soon~( Îàà.Îàà) Chanyeol: *This week‚Ä¶
114	113.0	a	RT @sujuI0I: They support the other artists even when they're not feeling good yesung that day was so sick but he tried his best to not sho‚Ä¶
115	114.0	a	RT @HoarseWisperer: Love you, @andylassner   https://t.co/yZlNnRwNwe
116	115.0	a	I smiled throughout honestly üíâ 1 in 3 people who have #flu do not have symptoms? You can be infected with the virus‚Ä¶ https://t.co/DEFq0DlDnf
117	116.0	a	RT @JeunesseHQ: ü§ß Cold and flu season is right around the corner, time to help support your body‚Äôs immune system üí™ Aloe Vera, a key ingredi‚Ä¶
118	117.0	a	RT @Zak_Bagans: Tonight see why. 9/8c on @TravelChannel https://t.co/2pgJX8yBfT
119	118.0	a	RT @hiveshxt: im finna start killang negros myself. im so sick. https://t.co/QEEhk3a9FH
120	119.0	a	i get 3 unexpected hours to lay in bed and cuddle my sick bub ü•∫ü•∫
121	120.0	a	@DoctorMayJay My step daughter has been told there is a 12 month waiting list for back surgery, can hardly walk con‚Ä¶ https://t.co/YrdGIt9azL
122	121.0	a	My favorite holiday, I‚Äôm sick and I gotta work.. WHAT kinda adulting is this
123	122.0	a	RT @guardiannews: Quarter of world's pig population 'to die due to African swine fever' https://t.co/3gF2pImF7G
124	123.0	a	It‚Äôs SNOWING snowing this is SICK &amp; TWISTED!!!!!!!!!!!!!!!!!!!!!!!!
125	124.0	a	@undergroundfest @GlosGuildhall @davidbutmore Sick pics üôåüèªüíú
126	125.0	a	RT @guardiannews: Quarter of world's pig population 'to die due to African swine fever' https://t.co/3gF2pImF7G
127	126.0	a	RT @Zak_Bagans: Tonight see why. 9/8c on @TravelChannel https://t.co/2pgJX8yBfT
128	127.0	a	@HAZELlSNUTS i fink i‚Äôm sick hazel... this is tragic
129	128.0	a	Do you know what is even scarier than Halloween? Getting the flu or exposing people with bad immune systems to your‚Ä¶ https://t.co/hKpMG6krmZ
130	129.0	a	RT @Nitomatta: THIS YEAR IS A FUCKING FEVER DREAM https://t.co/ojrdx6G4v6
131	130.0	a	LAUGHING. OUT. LOUD. but seriously #enabling a very sick and corrupt person is also a sickness @IvankaTrump.‚Ä¶ https://t.co/Ceb9bUdsQF
132	131.0	a	@SassyTallBlonde @Cassie__ch @phippsjm @DeAnna4Congress Thanks for setting me straight - I was feeling guilty about‚Ä¶ https://t.co/EGO27KvV3R
133	132.0	a	RT @AngryBlackLady: The cruelty is the point. https://t.co/hQnRowI9rh
134	133.0	a	@rene_los @bk00023 @ABC I'm sorry you are so needy.  Even if he made a statement the day the first fire broke, you,‚Ä¶ https://t.co/8y2Y3tqafr
135	134.0	a	RT @stephenasmith: Not looking for anybody to get hurt. Certainly ain‚Äôt looking forward to two stars getting suspended. But love the combat‚Ä¶
136	135.0	a	TBT!!
137	136.0	a	A friend and I will message our to-do lists back and forth and congratulate each other on any/all accomplishments b‚Ä¶ https://t.co/sYRPRKbIGI
138	137.0	a	@unmeitk I feel sick in my stomach as if it's happening to me üòêüò£
139	138.0	a	RT @atensnut: Most of America is sick of this dick.  Just the sight of him brings on revulsion. https://t.co/cgpElAwtKJ
140	139.0	a	It‚Äôs my favorite day of the year AND IM SUPER SICK üò≠üò≠
141	140.0	a	RT @clairecmc: Watching Mitch lecture about fairness and due process makes me sick. Merrick Garland anyone?
142	141.0	a	RT @annahurt: Please get your flu shot consent form in for the ACS Flu Clinics next week! #PreventionMatters @ACSchoolTN and #BooToTheFlu f‚Ä¶
143	142.0	a	RT @ogmaxb: Just found this fucking gun in my sons Halloween candy. Some people are sick in the head. https://t.co/XyXh5Iibgn
144	143.0	a	RT @ProLifeTexanUSA: .@POTUS was never supposed to win.  #Democrats thought their crime spree would continue unabated.   #PresidentTrump ex‚Ä¶
145	144.0	a	RT @SunsAfterDark: Oh, not me. I‚Äôd gladly go winless for all eternity if it meant he stayed miserable and got dragged on here worse every d‚Ä¶
146	145.0	a	RT @atensnut: Most of America is sick of this dick.  Just the sight of him brings on revulsion. https://t.co/cgpElAwtKJ
147	146.0	a	RT @nicolelabonte: @AckersBill I honestly wonder if he has some sort of mental health disorder. And he has 900,000 crazy people trying to w‚Ä¶
148	147.0	a	Sick of it already the amount of kids knocking on ma gaff
149	148.0	a	@lqxukun what the HELL IM LEGIT SICK TO MY STOMACH
150	149.0	a	fml im really getting sick againnnn
151	150.0	a	@TKerrd okay that's fkn sick
152	151.0	a	I hope aine got no damn flu ü§¶üèΩ‚Äç‚ôÄÔ∏è
153	152.0	a	Me in undergrad: I can't let anyone outside friend group know that I've done psychadelics, even though I really wan‚Ä¶ https://t.co/irHdJLg6Fn
154	153.0	a	@ne_weatherman @connorluke18 Brexit, the NHS, and the sick and disabled for a start.
155	154.0	a	@CAL1C0_ Hot damn this is sick!
156	155.0	a	Haven't you heard? Hypocrisy, scandal &amp; corruption never count if you are part of the Labour Party. Go and have a l‚Ä¶ https://t.co/rgElBzRqkj
157	156.0	a	Scientists say quarter of all pigs could die of swine fever #NewsGrit https://t.co/gc90o7Zf6L
158	157.0	a	üçµüçµüçµüçµ
159	158.0	a	RT @shreeyaO5: i don‚Äôt have time to be sick rn
160	159.0	a	@RealJajaSanti @Mohamma23740514 @SamEdwardx @BobbyFazzler https://t.co/YGVRL2FS5A  Because of sick deluded people l‚Ä¶ https://t.co/BZMxn5nNn3
161	160.0	a	@jpr007 @ModelYendofICE @jack_rix @thorton00 I saw years ago that Tesla will reveal the dirt within the mainstream‚Ä¶ https://t.co/5uS2nfGdG9
162	161.0	a	I'm sick of you being rich and you still mad, let's talk about it?
163	162.0	a	RT @mxmsworld: If be honest with ourselves. We are doing okay. We want more and will have more. But how much more do you want for it to be‚Ä¶
164	163.0	a	@Jim_Duquette Boy, I am sick of this crap. And I was born/raised in New Brunswick! #ballsnstrikes
165	164.0	a	im sick of seeing variations of this tweet on my timeline. It‚Äôs just hard to cheer a dude who is a rapist, a racist‚Ä¶ https://t.co/IKmIG5bxXk
166	165.0	a	Stop going to the doctor when you have the flu. It‚Äôs mostly preventable and the doctor can‚Äôt do anything for it.
167	166.0	a	RT @charliekirk11: Why did House Democrats just block an amendment to their impeachment resolution allowing the President's counsel to sit‚Ä¶
168	167.0	a	Proprietary inspections of personal property?
169	168.0	a	RT @Hepworthclare: Had a leaflet through my letter box today. It proclaims in very large headlines that Swinson will be the next PM. I gave‚Ä¶
170	169.0	a	RT @VRs_Memoirs: #Manchin is my senator here in West Virginia. I am sick of going every year and voting for either a Republican or another‚Ä¶
171	170.0	a	RT @damdaminnn: i'm sick of making things worse  i'm sick of being hurt i'm sick of crying myself to sleep i‚Äôm sick of hating everything  i‚Ä¶
172	171.0	a	@Life_Disrupted @NHSuk Not got a relevant health problem, then no vaccination on NHS (The national flu immunisation‚Ä¶ https://t.co/sXAxnqscH8
173	172.0	a	RT @Greatm8SFM: MHA Halloween - Tsuyu/Uraraka x Deku ---- I feel like It's not the best I could have done, but given me being sick I'm usin‚Ä¶
174	173.0	a	RT @ogmaxb: Just found this fucking gun in my sons Halloween candy. Some people are sick in the head. https://t.co/XyXh5Iibgn
175	174.0	a	@Haiderium4 @zanezaidi What‚Äôs wrong with you? Where did I say the prophet is just anybody? Are you sick in your head?
176	175.0	a	RT @peytnhaag: baby fever AND puppy fever?? oh no https://t.co/am88bZAWpj
177	176.0	a	i swear to fuck if i get the flu the week i was gonna get the flu shot im gonna shit my pants
178	177.0	a	@CAgovernor @GovPressOffice @GavinNewsom @MayorOfLA Newsom needs to tell the truth to Californians. Spraying Chemic‚Ä¶ https://t.co/Qf7s6zozIa
179	178.0	a	nah fr, every time a celebrity die the first thing i think is damn..one day it‚Äôs gone be Beyonc√© and imma be SICK üò≠
180	179.0	a	@icebearkwj Pls I‚Äôm too sick for this
181	180.0	a	RT @charliekirk11: Why did House Democrats just block an amendment to their impeachment resolution allowing the President's counsel to sit‚Ä¶
182	181.0	a	RT @Greatm8SFM: MHA Halloween - Tsuyu/Uraraka x Deku ---- I feel like It's not the best I could have done, but given me being sick I'm usin‚Ä¶
183	182.0	a	RT @DragonflyJonez: I hate that Steph news. Injuries rob us sports fans of so much. Clowning GS won't even hit the same. I'm sick. (And I s‚Ä¶
184	183.0	a	RT @GhibliGal: Me calling in sick so I can binge anime https://t.co/pKiFN3iCKP
185	184.0	a	@RetiredArmy7 @DebtAssassin1 @bfraser747 @DJNazSD @IFBpaul @bilubai2 @SheriffRuth @Berndvonfunk @AmberParke3 @fedupWVvoter Evil and Sick
186	185.0	a	"RT @ANINewsUP: Balram, a tuberculosis (TB) patient allegedly fell sick due to starvation, in Kaushambi. Archana, his daughter says, ""Father‚Ä¶"
187	186.0	a	How cuteü•∫
188	187.0	a	RT @AshtynnPowell: I‚Äôm beyond sick of seeing absolutely nothing but politics everywhere, especially twitter. Let alone personally attacking‚Ä¶
189	188.0	a	There's no emoji for scarlet fever
190	189.0	a	RT @awfulcarter: free sick√∂ https://t.co/TFzisii6uo
191	190.0	a	@agross7270 @fspielman @MaryAnnAhernNBC @chicagosmayor Lightfoot is too generous with the teachers. You should make‚Ä¶ https://t.co/XpKSMfNg5q
192	191.0	a	RT @HrhWheelz: Hey please I have been sick for the past four months now I was in a coma and now they discharged me half way because of mone‚Ä¶
193	192.0	a	RT @ShawnInArizona: I'm so sick of hearing about GOP members or White House aides expressing worry, anger, frustration, disgust, &amp; contempt‚Ä¶
194	193.0	a	RT @yarbro: It‚Äôs 100% right that we need to have a long-term strategy to rebuild/reinvent rural health care.   It‚Äôs also 100% stupid in the‚Ä¶
195	194.0	a	@kikimordi This is why we need to take mental health seriously in this country. A lot of people are sick. üòí
196	195.0	a	Fantastic well done üëç üëèI think I know who that is ü§£@marieyoung8 keep going @SuzySamuel6 you are doing amazing üòÉ
197	196.0	a	RT @ANTIF4N: mino dancing to mark ronson‚Äôs mixset including pony by ginuwine... this is shit out of a fever dream https://t.co/fBYnr4TXNp
198	197.0	a	RT @olimpiuurcan: Alexander Alekhine during a tough 33-board simultaneous exhibition in Prague on December 19, 1942. The day after he was i‚Ä¶
199	198.0	a	RT @TheePaintv100: Just found this fucking gun in my sons Halloween candy. Some people are sick in the head. https://t.co/dc1q219Udg
200	199.0	a	RT @peytnhaag: baby fever AND puppy fever?? oh no https://t.co/am88bZAWpj
201	200.0	a	RT @icexqueen: buy pics from me cuz it‚Äôs Halloween and I‚Äôm sick and v broke so I deserve it tank yew (‚ó°‚Äø‚ó°‚úø) I will luv u forever https://t.‚Ä¶
202	201.0	a	RT @LadyRedWave: I'm GOING to üí•RETWEETüí•this EVERY damn time I see it UNTIL @HillaryClinton IS SICK of it!  We WILL NEVER forget those left‚Ä¶
203	202.0	a	RT @mel_faith1: Guarantee you Trump isn't his president!   SICK DISGUSTING EVIL....   https://t.co/lkswjSxutF
204	203.0	a	RT @Blackbirds1632: - Corbyn's policies would harm the very people he says he is trying to help - Corbyn's rhetoric on business is utterly‚Ä¶
205	204.0	a	@globeandmail @globepolitics Hey Kenney....I for one am sick and tired of paying inflated prices for oil and gas be‚Ä¶ https://t.co/SZujNF5ft9
206	205.0	a	@emilylansforddd i feel his pain, i woke up sick af todayüò© i hope baby brayden feels better! (how does he manage to‚Ä¶ https://t.co/q38E6L0mc5
207	206.0	a	My roommate got flowers from her boyfriend. She‚Äôs sick.  .. .. .. .. I‚Äôm sick too. I got nuttin. https://t.co/pG2TbKYYoj
208	207.0	a	if anyone can spare chicken soup for a very sick college student who cannot get out of bed it would be much appreciated
209	208.0	a	RT @ElsieKFisher: happy hella-ween. this year is going to be totally radical dude. gnarly! (does a sick kickflip on my bone-board)üëªü§ô
210	209.0	a	RT @RudyGiuliani: Schiff is Joe McCarthy with corrupt media on his side. When cooler heads prevail you will be surprised by the pattern of‚Ä¶
211	210.0	a	RT @gd04051973: @TeamTrump @lilspec03 @RepDougCollins Put the Left‚Äôs feet to the Fire!  Americans are sick of this daily fiasco!  We voted‚Ä¶
212	211.0	a	@jbarneseyy bro I've been sick like four times already HOW
213	212.0	a	@john_keim Sick of Trent Williams. Out of sight out of mind.
214	213.0	a	"@LunarLyricist ""But look at how red you are.. I bet you're a sick little pervert and are actually getting off... fr‚Ä¶ https://t.co/BXFFISTzwc"
215	214.0	a	RT @HornyFactts: Makes me fucking sick to my stomach how someone can cheat on the person who gave their EVERYTHING to that person
216	215.0	a	RT @beyond27spaces: 191027 FeverÌîºÎ≤Ñ // Ï∞¨Ïó¥‚ô°  ÏÇ¨ÎûëÏúºÎ°ú Ìè≠Î∞ú Ìïú Ïã¨Ïû•Ïïº„Ö†„Ö†„Ö†„Ö†„Ö†üíóüíò  #SeChanFeverFestival #Ï∞¨Ïó¥ #CHANYEOL #ÁÅøÁÉà #„ÉÅ„É£„Éã„Éß„É´ #EXO_SC #EXO #weareoneEXO @w‚Ä¶
217	216.0	a	RT @tomiwa_100: When i say deposit, you say garrnnnn https://t.co/JE7oyz6huQ
218	217.0	a	RT @peytnhaag: baby fever AND puppy fever?? oh no https://t.co/am88bZAWpj
219	218.0	a	RT @RudyGiuliani: Schiff is Joe McCarthy with corrupt media on his side. When cooler heads prevail you will be surprised by the pattern of‚Ä¶
220	219.0	a	RT @mygscene: @BTS_twt YOU REALLY USED #JAEKAEHEY FOR THE HASHTAG IM SICK
221	220.0	a	RT @Priyank04870712: #GodMorningWednesday Stop Watching Movies  Bollywood is like a housefly who is bringing demerits of westernization to‚Ä¶
222	221.0	a	RT @shadedoughtho: Me: I need to go home, I‚Äôm so sick  Boss: You just got here and you look fine  Me: didn‚Äôt you hear me? I‚Äôm effin home si‚Ä¶
223	222.0	a	@AliceInChains @WilliamDuvall @JerryCantrell @MikeInez sick.
224	223.0	a	yellow fever is undeniably one of the most iconic supernatural episodesüòÇüòÇüòÇüòÇ
225	224.0	a	RT @peytnhaag: baby fever AND puppy fever?? oh no https://t.co/am88bZAWpj
226	225.0	a	RT @smita_kohli: Shukla proved again #ArtiSingh is his doormat. Uske supporter bhi waise hi hai, They like to treat women as Chukla is doin‚Ä¶
227	226.0	a	RT @TheePaintv100: Just found this fucking gun in my sons Halloween candy. Some people are sick in the head. https://t.co/dc1q219Udg
228	227.0	a	I‚Äôm so SICK &amp; TIRED, of having a CRUSH ON YOU, fucking bitch
229	228.0	a	RT @Nitomatta: THIS YEAR IS A FUCKING FEVER DREAM https://t.co/ojrdx6G4v6
230	229.0	a	RT @YolzYako: Cyril Ramaphosa makes me sick! The rhetoric of talking about women in business whereas it‚Äôs only a small percentage that‚Äôs ‚Äúa‚Ä¶
231	230.0	a	Everyone's always saying that rest is the best thing to do when you're sick but clearly those people haven't ever t‚Ä¶ https://t.co/z92l911AIW
232	231.0	a	I'm sick guys no stream today :/
233	232.0	a	As I'm nearly 75, they keep sending me reminders for fly jab but I just ignore them. I've never had one and never w‚Ä¶ https://t.co/1Vv6TyW3Lr
234	233.0	a	We‚Äôre all gonna be sick for homecoming fucking with this weather . I‚Äôve seen short sleeves and sandals since I got‚Ä¶ https://t.co/hEaKtxGCy7
235	234.0	a	@RepSires Please hold a town hall. No one in your district has seen you. We are worried sick.
236	235.0	a	RT @mission_europa: @brightonwil @SebGorka @BarackObama Only traitors are Trump and his party. Willfully destroying America's IC to protect‚Ä¶
237	236.0	a	@feysndelena I want it too,,, this is becoming sick, gotta re watch the season again
238	237.0	a	RT @DrMkhize4: There is a sick trend during December month.  The elderly are abandoned in hospital wards and not picked up after discharge.‚Ä¶
239	238.0	a	"RT @avocadojoo: wonho called himself ""someone like me"" to see him talk about himself like that makes me feel sick. someone like wonho is ki‚Ä¶"
240	239.0	a	@rcthsraven aw i‚Äôm sorry hope you feel better ü•∫we can be sick together
241	240.0	a	RT @royaIwheein: wheein couldnt be at queendom half the time because she was sick but was there for every single performance dancing and si‚Ä¶
242	241.0	a	I see some cute shit on the timeline it makes me sick
243	242.0	a	@tambourine Urgh. I just published an article about flu-jab season but didn‚Äôt realise... what is a stupid policy. (‚Ä¶ https://t.co/mGDgZz3HdK
244	243.0	a	boys make me want to be sick ü§Æü§Æü§Æü§Æü§Æü§Æü§Æ
245	244.0	a	RT @sepraeww: ‡∏û‡∏µ‡πà‡∏ä‡∏≤‡∏ô‡∏ó‡∏µ‡πà‡∏´‡∏•‡∏∏‡∏î(?)‡∏ö‡∏≠‡∏Å‡∏™‡∏±‡∏õ‡∏î‡∏≤‡∏´‡πå‡∏ô‡∏µ‡πâ‡∏ï‡∏≠‡∏ô‡∏á‡∏≤‡∏ôfever festival‡∏ß‡∏±‡∏ô‡∏ó‡∏µ‡πà27 ‡∏™‡∏£‡∏∏‡∏õ‡∏°‡∏≤‡∏à‡∏£‡∏¥‡∏á 555555555 ‡∏≠‡∏¢‡∏≤‡∏Å‡∏ï‡∏µ https://t.co/vSl0Oft1cI
246	245.0	a	@MsSassHerself Exactly! I won‚Äôt be sitting out there getting sick and I‚Äôm sure others feel the same! Just reschedule like everyone else.
247	246.0	a	Just waiting to see all my friends kids costumes and have fake baby fever, don‚Äôt disappoint me y‚Äôall https://t.co/U2ilQEZnaV
248	247.0	a	@mellbelleex there‚Äôs a conspiracy that makes a lot of sense. this man gets ‚Äúno money‚Äù by running this. he says he g‚Ä¶ https://t.co/Kdmo4rIq1N
249	248.0	a	RT @Jali_Cat: üëπWelcome to the Democratic Party.....  üëâüèªIf you vote democrat - this breakdown in society &amp; the continue disappearance of mor‚Ä¶
250	249.0	a	I'm suffering from sneezing or cold, In short I'm sick!!
251	250.0	a	RT @Nitomatta: THIS YEAR IS A FUCKING FEVER DREAM https://t.co/ojrdx6G4v6
252	251.0	a	RT @Sundncefn: #WeThePeople are sick of the @GOP doing nothing to stop this very dangerous, attempted coup.  Ds are turning our great count‚Ä¶
253	252.0	a	RT @Thornillustrate: IM ACTUALLY WHEEZE CRYING OVER THIS WTF I CANT BELIEVE UNDERTALE HAS TAKEN OVER THE WORLD https://t.co/J2085eTNLY
254	253.0	a	@orbitsheart Wjsn - save me save you, la la love, dreams come true, secret  Oh my girl - guerilla, ssfwl, closer, s‚Ä¶ https://t.co/3KeVLsIUri
255	254.0	a	RT @neverland1970: Not in the mood for peopling today. Sick of trying to make me worth your time.
256	255.0	a	RT @xunhuas: Before leaving the stage during Fever Festival last Sunday~  Sehun: We'll see each other very soon~( Îàà.Îàà) Chanyeol: *This week‚Ä¶
257	256.0	a	#vaccinesinjure. But nothing to see here? ü§î
258	257.0	a	@YummyGalaxxy @YarkinBerk @Zeke_the_Xbot @DestinyTheGame Ye I bought all the dlcs and the first two were a rip off‚Ä¶ https://t.co/E8BcTDAw5D
259	258.0	a	"Sick of the phrase, ""Babe! What's up with white people?!"" Could we just chill you guys? Let's just go one day where‚Ä¶ https://t.co/TKofSJIC45"
260	259.0	a	bro i‚Äôm weak as fuck ‚Äúi was told not to speak against yg because he might send bloods after me‚Äù üò©üò©üò©
261	260.0	a	RT @HarrietSergeant: Labour will harm the people Corbyn says he wants to help. Workers, pensioners and the sick would all suffer under Corb‚Ä¶
262	261.0	a	The lefties have turned this world into a violent sick place. And everyone else has allowed them to do it! Shame! F‚Ä¶ https://t.co/1jpTlSlfvR
263	262.0	a	RT @charliekirk11: This is horrible, and should be condemned by all decent society  A baby deserves total and complete protection under the‚Ä¶
264	263.0	a	RT @DuddWiser: Girl get a doctor. I been seeing on my tl that you have fever since 3 weeks ü§¶üèª‚Äç‚ôÄÔ∏èü§¶üèª‚Äç‚ôÄÔ∏è
265	264.0	a	RT @damdaminnn: do you ever feel physically sick because you know you're not good enough for anyone and can't do anything right, no matter‚Ä¶
266	265.0	a	RT @xzhan1005: last time in thailand he got no sleep for days, this time in nanjing he‚Äôs sick, but both times xiaozhan sang fully live. he‚Ä¶
267	266.0	a	RT @AuschwitzMuseum: 1 November 1943 | There were 87,573 prisoners in #Auschwitz camp system: 54,630 men (incl. 7,830 sick) and 32,943 wome‚Ä¶
268	267.0	a	@Momofone15 @GoAwayWithJae The learning that ruins his career and life. This type of learning is so sick in SK. Sta‚Ä¶ https://t.co/SFbIXZwEms
269	268.0	a	RT @fuckyourwallDT: I'm so fucking sick of police officers ! ü§¨ü§¨ü§¨ü§¨ü§¨ü§¨ü§¨ https://t.co/igiVvvSIqT
270	269.0	a	RT @JewelsMaga45: I‚Äôm 51 and I have never ever met a white supremacist in my lifetime. Why are we hearing the left continuously talk about‚Ä¶
271	270.0	a	RT @GhibliGal: Me calling in sick so I can binge anime https://t.co/pKiFN3iCKP
272	271.0	a	i really need to find. peoplw who are not zoe to play borderlands with. i think shes gettinf sick of me
273	272.0	a	Whew y‚Äôall I had the damn flu
274	273.0	a	I have the meanest headache &amp; fever, I just want to be home üò©
275	274.0	a	RT @ourswiftaylor: I'm so sick of running as fast as I can wondering if I'd get there quicker if I was a man https://t.co/wF7dyYjChf
276	275.0	a	RT @SheepDogSociety: Still have any doubt that Leftist Liberals are mentally unstable and sick in the head?   Who would even threaten child‚Ä¶
277	276.0	a	RT @daddybuell: BULLY. BULLY. BULLY. BULLY. BULLY. BULLY. BULLY. FUCK COPS AND THEIR STUPID ABUSE OF POWER. THESE PEOPLE ARE SICK https://t‚Ä¶
278	277.0	a	@LucasxHernandez I literally asked u if u wanted a blanket and you said no then went back to sleep LMFAOOO I‚Äôm sick
279	278.0	a	Let‚Äôs think critically for a moment: America does not give out anything for free, not even water. So durring this s‚Ä¶ https://t.co/N6agtSoOQA
280	279.0	a	The Lita we deserve, but the Patch doesn‚Äôt work.. The Logos are switching on the entrances.. I‚Äòm so sick of you‚Ä¶ https://t.co/9fKsf6BNBZ
281	280.0	a	RT @FoolishReplicka: It's Halloween!! ... Naturally, I got sick and had to miss it, so, you'll to forgive me if I let my wife handle the fe‚Ä¶
282	281.0	a	RT @nowthisnews: ‚ÄòYou decided to prioritize the deportation of critically ill kids, and I‚Äôm trying to figure out why.‚Äô ‚Äî @AOC gave this Tru‚Ä¶
283	282.0	a	got a fever and cant stop throwing up, i really shouldn't be going to the fundraiser
284	283.0	a	RT @DoubleEmMartin: Person who‚Äôs home sick with a cold and playing video games all day  https://t.co/QEYV83tEso
285	284.0	a	‚ÄúAnother GLORIOUS morning, makes me SICK‚Äù -Winnifred Sanderson ‚Å£ ‚Å£ üì∏ by adambrioza ‚Å£ ‚Å£ #HocusPocus‚Ä¶ https://t.co/mNEZT7q73W
286	285.0	a	RT @AlbasArachnid: Ditch the TV licence, why pay to be lied to? https://t.co/N8Ln4HMn2q
287	286.0	a	@RudyGiuliani You‚Äôre a sick f*ck.
288	287.0	a	RT @BoBundyy: Baby fever at an all time high rn ü•∫ https://t.co/blIuwiOxm6
289	288.0	a	RT @maxcredits: I don‚Äôt know about you but I‚Äôm sick to death of Democrats saying that ‚Äúno one is above the law. ‚Äú  Are they f**ing serious?!
290	289.0	a	RT @pasatin_: How can nursing majors be sick? Like bruh just look back at the PowerPoint.
291	290.0	a	@Esther_JusMe IT CAN BE. CANDY corn is a great seasonal delight! Moderation is key though! Eat one too many and you‚Ä¶ https://t.co/VYYFTpxmkV
292	291.0	a	@svtournesol This is the same shit they kicked BI out for. I'm sick of this fucking industry
293	292.0	a	Lol wth
294	293.0	a	RT @HM75015: @RepMaxineWaters #VoteHerOut ‚öñÔ∏è @RealOmarNavarro for #Congress 2020 üá∫üá∏ #CA https://t.co/C1RQJ4zjNG
295	294.0	a	RT @gletherby: Maybe because our #NHS is in crisis; not enough staff + high levels of stress, crumbling buildings, lack of equiptment. Oh a‚Ä¶
296	295.0	a	RT @ewarren: The best plan is #MedicareForAll‚Äîthe only plan that gives everyone in America full coverage, with the freedom to see any docto‚Ä¶
297	296.0	a	I‚Äôm so sick of hearing ‚ÄòbUt ThEY DoNT KnOw‚Äô about yanks and their Irish Carbomb drink.... you know what a carbomb i‚Ä¶ https://t.co/b2KPZuZiF9
298	297.0	a	RT @shahmiruk: Oh my fucking god. They‚Äôre not even trying to hide it anymore! This audience member recalls Vote Leave breaking electoral la‚Ä¶
299	298.0	a	Me imagino a kanye cantando im a sick fuck con esa botarga
300	299.0	a	RT @TheePaintv100: Just found this fucking gun in my sons Halloween candy. Some people are sick in the head. https://t.co/dc1q219Udg
301	300.0	a	can someone please take off my phone case and get me a new one im sick of mine
302	301.0	a	RT @shootingbyul_: @queenlhwasa @RBW_MAMAMOO spring fever!  @RBW_MAMAMOO  #MAMAVOTE #MAMAMOO  #Bless_Life_And_Carry_Knowledge
303	302.0	a	"@Mr_Masindi My Grade 9 English teacher once told us ""animals get sick. Human beings fall ill"" https://t.co/j0UdS0FyN2"
304	303.0	a	RT @bumilangit: Kalau Najib bersalah, kenapa sampai sekarang belum kena penjara?  Najib: https://t.co/8bLCn5qYJJ
305	304.0	a	RT @ssamanthaa01: my baby fever can‚Äôt handle this https://t.co/heecDHIp1W
306	305.0	a	@GrantMcMillan90 @nickyt3232 That is sick ü§¢
307	306.0	a	how sick and twisted https://t.co/e1PLtmn5v7
308	307.0	a	RT @atensnut: Most of America is sick of this dick.  Just the sight of him brings on revulsion. https://t.co/cgpElAwtKJ
309	308.0	a	Bit of a late to the party tweet, but the Renegades pick up by @100Thieves is a sick transfer. Excited to see the b‚Ä¶ https://t.co/8ae3Crk2RI
310	309.0	a	@kylekohli Oh, capital gains! Right. When I think about people getting sick with cancer, diabetes, MS, my mind *imm‚Ä¶ https://t.co/AYZOpzXSD3
311	310.0	a	RT @xzhan1005: last time in thailand he got no sleep for days, this time in nanjing he‚Äôs sick, but both times xiaozhan sang fully live. he‚Ä¶
312	311.0	a	@lloyd4man Sick!
313	312.0	a	@Radiolab So they pull people together in a room from all walks of life &amp; tell them, okay, imagine a flu is sweepin‚Ä¶ https://t.co/LlgtrCbajF
314	313.0	a	Baby feverüò≠üò≠üò≠üò≠ https://t.co/5rKGd7J3jq
315	314.0	a	Proud to be the 844th üòé on @BackerKit for Unicorn Fever. Thanks @horribleguild https://t.co/0YajBzAGw5
316	315.0	a	No video today. We just didn't get around to it, and Paul was sick a couple days this past week. Honestly think it‚Ä¶ https://t.co/ZRZTGHG5lH
317	316.0	a	RT @IntroSpecktive: I think of all of the Ultimate newcomers, the coolest playstyle is K Rool  They really did a perfect job on him, he‚Äôs a‚Ä¶
318	317.0	a	RT @WonderWoman2KAG: I'm still not sick of #Winning. That's why I'm voting for more, please! #Trump2020 #TurnCongressRed #TurnItRed #TurnNV‚Ä¶
319	318.0	a	RT @ranzkyle: Kakashi sensei ‚õ© sick edit by @Kellansworld #halloween2019 https://t.co/wwBjCFDGZv
320	319.0	a	RT @SoCalEdgyGal: Me too!! That report better come out soon or we will find ourselves literally in the streets actually fighting for our ri‚Ä¶
321	320.0	a	RT @xzhan1005: xiaozhan is sick and his throat condition isn‚Äôt good but he‚Äôs still singing completely live so beautifully üíï https://t.co/8y‚Ä¶
322	321.0	a	Ta tudo as mil maravilhas p n precisar treinar de manh√£ üëå
323	322.0	a	asfi ffs usko fever hai stop üò†ü§ß  #Yksturns2 https://t.co/GxVWHBC0tn
324	323.0	a	RT @ogmaxb: Just found this fucking gun in my sons Halloween candy. Some people are sick in the head. https://t.co/XyXh5Iibgn
325	324.0	a	@yungblud @Vevo https://t.co/zGP416fxO0
326	325.0	a	@EPBAuthor Bish!@#$
327	326.0	a	RT @WinstonCovfefeR: Weird yet? Not in liberal lala land Canada! A Toronto teacher named Christine Dorcin on medical leave is working in a‚Ä¶
328	327.0	a	RT @SageGoddesss: Sick√¥ween üíé‚õë https://t.co/hw8CUpmRNi
329	328.0	a	@TeaPainUSA It‚Äôs just astonishingly disgusting. Sick and wrong is the only way to describe this aberrant behavior.
330	329.0	a	RT @peytnhaag: baby fever AND puppy fever?? oh no https://t.co/am88bZAWpj
331	330.0	a	RT @shahmiruk: Oh my fucking god. They‚Äôre not even trying to hide it anymore! This audience member recalls Vote Leave breaking electoral la‚Ä¶
332	331.0	a	RT @peytnhaag: baby fever AND puppy fever?? oh no https://t.co/am88bZAWpj
333	332.0	a	RT @junswrId: PLEASE OH MY GOD I CANT BELIEVE THESE ARE REAL IT FEELS LIKE A TWITTER AU OR FEVER DREAM WHAT IS GOING ON BNJSKDKF https://t.‚Ä¶
334	333.0	a	I had a fever dream of a night last night and apparelty @Allwin__ was there, kinda... sorry my dude https://t.co/PjJxrDFpdm
335	334.0	a	RT @WarsontheBrink: Sorry to say it‚Äôs an utter shame seeing Molana  He typically uses Islam for his business, provokes the public   The pub‚Ä¶
336	335.0	a	@SINCLAIRSBLOOD @thrillerized @centrclperk_ Why are you doing this ... I‚Äôm sick, CAN‚ÄôT I LIKE‚ÄîJOIN???
337	336.0	a	mmmmmmmmmmm LOVE your body!
338	337.0	a	a limelight n√£o tem UM segundo de paz
339	338.0	a	RT @autumnn_k: You gotta be really sick in the head.... https://t.co/oHJ211cvaQ
340	339.0	a	SHE IS A VERY SICK WOMAN        YES       VERY SICK
341	340.0	a	Dan oh being mad at Kyung for his stage behaviour is worse than him being mad at her for being sick cause he isn't‚Ä¶ https://t.co/uGQ7mWOF7G
